Workbook
Name k_bedroom: Cooling_Calc!$E$3
Name k_kitchen: Cooling_Calc!$E$4
Name k_printernya: Cooling_Calc!$E$5
Name Porig: Cooling_Calc!$C$7
Name T_vul: Cooling_Calc!$C$6
Name T0: Cooling_Calc!$C$5
Name Роздільник_Місяць: #N/A

Sheet Data
A1: Дата-час (Київ) | B1: Місяць | C1: Година | D1: Кімната °C | E1: Кухня °C | F1: Кладова °C | G1: Надворі °C | H1: Кімната RH | I1: Кухня RH | J1: Кладова RH | K1: Надворі RH
A2: 46097.417 | B2: =TEXT(A2,"yyyy-mm") -> 2026-03 | C2: =HOUR(A2) -> 10 | D2: 23.750845 | G2: 5.7 | H2: 28.133015 | K2: 69
A3: 46097.458 | B3: =TEXT(A3,"yyyy-mm") -> 2026-03 | C3: =HOUR(A3) -> 11 | D3: 24.797228 | G3: 7.3 | H3: 28.307501 | K3: 62
A4: 46097.5 | B4: =TEXT(A4,"yyyy-mm") -> 2026-03 | C4: =HOUR(A4) -> 12 | D4: 23.036917 | G4: 8.3 | H4: 27.546536 | K4: 57
A5: 46097.542 | B5: =TEXT(A5,"yyyy-mm") -> 2026-03 | C5: =HOUR(A5) -> 13 | D5: 23.588672 | G5: 8 | H5: 26.783216 | K5: 60
A6: 46097.583 | B6: =TEXT(A6,"yyyy-mm") -> 2026-03 | C6: =HOUR(A6) -> 14 | D6: 24.664111 | G6: 9.1 | H6: 27.831592 | K6: 54
A7: 46097.625 | B7: =TEXT(A7,"yyyy-mm") -> 2026-03 | C7: =HOUR(A7) -> 15 | D7: 24.741414 | G7: 9.2 | H7: 28.363218 | K7: 51
A8: 46097.667 | B8: =TEXT(A8,"yyyy-mm") -> 2026-03 | C8: =HOUR(A8) -> 16 | D8: 24.487313 | G8: 8.6 | H8: 29.403072 | K8: 56
A9: 46097.708 | B9: =TEXT(A9,"yyyy-mm") -> 2026-03 | C9: =HOUR(A9) -> 17 | D9: 24.55347 | G9: 7.5 | H9: 31.45372 | K9: 62
A10: 46097.75 | B10: =TEXT(A10,"yyyy-mm") -> 2026-03 | C10: =HOUR(A10) -> 18 | D10: 24.566719 | G10: 6.4 | H10: 31.749659 | K10: 67
A11: 46097.792 | B11: =TEXT(A11,"yyyy-mm") -> 2026-03 | C11: =HOUR(A11) -> 19 | D11: 24.409221 | G11: 5.5 | H11: 32.094126 | K11: 71
A12: 46097.833 | B12: =TEXT(A12,"yyyy-mm") -> 2026-03 | C12: =HOUR(A12) -> 20 | D12: 24.355717 | G12: 5.3 | H12: 34.981259 | K12: 77
A13: 46097.875 | B13: =TEXT(A13,"yyyy-mm") -> 2026-03 | C13: =HOUR(A13) -> 21 | D13: 24.282015 | G13: 4.5 | H13: 37.283803 | K13: 80
... A42: 46099.083 | B42: =TEXT(A42,"yyyy-mm") -> 2026-03 | C42: =HOUR(A42) -> 2 | D42: 23.208396 | G42: 2.2 | H42: 36.767468 | K42: 98
A43: 46099.125 | B43: =TEXT(A43,"yyyy-mm") -> 2026-03 | C43: =HOUR(A43) -> 3 | G43: 2.3 | K43: 98
A44: 46099.167 | B44: =TEXT(A44,"yyyy-mm") -> 2026-03 | C44: =HOUR(A44) -> 4 | G44: 2.1 | K44: 98
A45: 46099.208 | B45: =TEXT(A45,"yyyy-mm") -> 2026-03 | C45: =HOUR(A45) -> 5 | G45: 1.8 | K45: 99
A46: 46099.25 | B46: =TEXT(A46,"yyyy-mm") -> 2026-03 | C46: =HOUR(A46) -> 6 | G46: 1.6 | K46: 99
A47: 46099.292 | B47: =TEXT(A47,"yyyy-mm") -> 2026-03 | C47: =HOUR(A47) -> 7 | G47: 2.1 | K47: 96
A48: 46099.333 | B48: =TEXT(A48,"yyyy-mm") -> 2026-03 | C48: =HOUR(A48) -> 8 | G48: 3 | K48: 93
A49: 46099.375 | B49: =TEXT(A49,"yyyy-mm") -> 2026-03 | C49: =HOUR(A49) -> 9 | D49: 22.843813 | G49: 3.8 | H49: 38.335718 | K49: 89
A50: 46099.417 | B50: =TEXT(A50,"yyyy-mm") -> 2026-03 | C50: =HOUR(A50) -> 10 | D50: 22.797096 | G50: 4.2 | H50: 37.241255 | K50: 88
A51: 46099.458 | B51: =TEXT(A51,"yyyy-mm") -> 2026-03 | C51: =HOUR(A51) -> 11 | D51: 23.265929 | G51: 4.4 | H51: 36.517486 | K51: 87
A52: 46099.5 | B52: =TEXT(A52,"yyyy-mm") -> 2026-03 | C52: =HOUR(A52) -> 12 | D52: 23.505711 | G52: 4.9 | H52: 35.934936 | K52: 86
A53: 46099.542 | B53: =TEXT(A53,"yyyy-mm") -> 2026-03 | C53: =HOUR(A53) -> 13 | D53: 23.23941 | G53: 5.1 | H53: 35.07686 | K53: 84
A54: 46099.583 | B54: =TEXT(A54,"yyyy-mm") -> 2026-03 | C54: =HOUR(A54) -> 14 | D54: 23.237603 | G54: 5.3 | H54: 34.222992 | K54: 83
A55: 46099.625 | B55: =TEXT(A55,"yyyy-mm") -> 2026-03 | C55: =HOUR(A55) -> 15 | D55: 23.353401 | G55: 5.2 | H55: 33.815904 | K55: 82
A56: 46099.667 | B56: =TEXT(A56,"yyyy-mm") -> 2026-03 | C56: =HOUR(A56) -> 16 | D56: 23.272135 | G56: 5.1 | H56: 34.678931 | K56: 82
A57: 46099.708 | B57: =TEXT(A57,"yyyy-mm") -> 2026-03 | C57: =HOUR(A57) -> 17 | D57: 23.075593 | G57: 4.6 | H57: 35.603569 | K57: 85
A58: 46099.75 | B58: =TEXT(A58,"yyyy-mm") -> 2026-03 | C58: =HOUR(A58) -> 18 | D58: 23.123044 | G58: 3.8 | H58: 38.0809 | K58: 89
A59: 46099.792 | B59: =TEXT(A59,"yyyy-mm") -> 2026-03 | C59: =HOUR(A59) -> 19 | D59: 23.189253 | G59: 3.1 | H59: 39.172661 | K59: 93
A60: 46099.833 | B60: =TEXT(A60,"yyyy-mm") -> 2026-03 | C60: =HOUR(A60) -> 20 | D60: 23.294817 | G60: 3.5 | H60: 41.058827 | K60: 96
... A461: 46116.583 | B461: =TEXT(A461,"yyyy-mm") -> 2026-04 | C461: =HOUR(A461) -> 14 | D461: 24.445121 | G461: 16.6 | H461: 41.043966 | K461: 63
A462: 46116.625 | B462: =TEXT(A462,"yyyy-mm") -> 2026-04 | C462: =HOUR(A462) -> 15 | D462: 24.436721 | E462: 25.587984 | G462: 14.2 | H462: 42.658612 | I462: 40.943839 | K462: 78
A463: 46116.667 | B463: =TEXT(A463,"yyyy-mm") -> 2026-04 | C463: =HOUR(A463) -> 16 | D463: 24.193552 | E463: 25.410361 | G463: 14.2 | H463: 45.109583 | I463: 42.045472 | K463: 73
A464: 46116.708 | B464: =TEXT(A464,"yyyy-mm") -> 2026-04 | C464: =HOUR(A464) -> 17 | D464: 23.775956 | G464: 15.1 | H464: 45.177889 | K464: 65
A465: 46116.75 | B465: =TEXT(A465,"yyyy-mm") -> 2026-04 | C465: =HOUR(A465) -> 18 | D465: 23.25712 | E465: 25.252454 | G465: 14.5 | H465: 44.058058 | I465: 40.35645 | K465: 72
A466: 46116.792 | B466: =TEXT(A466,"yyyy-mm") -> 2026-04 | C466: =HOUR(A466) -> 19 | D466: 22.958649 | E466: 24.643176 | F466: 24.540415 | G466: 12.8 | H466: 44.024789 | I466: 44.915055 | J466: 56.121925 | K466: 75
A467: 46116.833 | B467: =TEXT(A467,"yyyy-mm") -> 2026-04 | C467: =HOUR(A467) -> 20 | D467: 22.237798 | E467: 24.332275 | F467: 24.650355 | G467: 11.4 | H467: 44.165606 | I467: 43.834496 | J467: 54.564765 | K467: 80
A468: 46116.875 | B468: =TEXT(A468,"yyyy-mm") -> 2026-04 | C468: =HOUR(A468) -> 21 | D468: 21.982704 | E468: 24.131826 | F468: 24.801271 | G468: 10.9 | H468: 44.551442 | I468: 44.389739 | J468: 52.758325 | K468: 86
A469: 46116.917 | B469: =TEXT(A469,"yyyy-mm") -> 2026-04 | C469: =HOUR(A469) -> 22 | D469: 21.888649 | E469: 24.336341 | F469: 24.850651 | G469: 9.9 | H469: 45.908639 | I469: 44.208772 | J469: 52.121653 | K469: 90
A470: 46116.958 | B470: =TEXT(A470,"yyyy-mm") -> 2026-04 | C470: =HOUR(A470) -> 23 | D470: 22.122447 | E470: 24.564026 | F470: 24.888456 | G470: 10.1 | H470: 45.490851 | I470: 42.241585 | J470: 51.795917 | K470: 90
A471: 46117 | B471: =TEXT(A471,"yyyy-mm") -> 2026-04 | C471: =HOUR(A471) -> 0 | D471: 22.020321 | E471: 24.476017 | F471: 24.903306 | G471: 10.3 | H471: 44.748498 | I471: 43.016824 | J471: 51.587046 | K471: 91
A472: 46117.042 | B472: =TEXT(A472,"yyyy-mm") -> 2026-04 | C472: =HOUR(A472) -> 1 | D472: 21.65681 | E472: 24.167899 | F472: 24.907304 | G472: 9.6 | H472: 43.214861 | I472: 43.312939 | J472: 51.346096 | K472: 89
A473: 46117.083 | B473: =TEXT(A473,"yyyy-mm") -> 2026-04 | C473: =HOUR(A473) -> 2 | D473: 21.728925 | E473: 24.449839 | F473: 24.900995 | G473: 8.2 | H473: 42.771824 | I473: 39.754803 | J473: 51.043882 | K473: 79
A474: 46117.125 | B474: =TEXT(A474,"yyyy-mm") -> 2026-04 | C474: =HOUR(A474) -> 3 | D474: 22.812801 | E474: 24.677583 | F474: 24.907938 | G474: 8.3 | H474: 46.348334 | I474: 41.726343 | J474: 50.420472 | K474: 64
A475: 46117.167 | B475: =TEXT(A475,"yyyy-mm") -> 2026-04 | C475: =HOUR(A475) -> 4 | D475: 22.787818 | E475: 24.478526 | F475: 24.880525 | G475: 7.4 | H475: 46.962969 | I475: 42.080996 | J475: 49.847962 | K475: 64
A476: 46117.208 | B476: =TEXT(A476,"yyyy-mm") -> 2026-04 | C476: =HOUR(A476) -> 5 | D476: 22.716959 | E476: 24.357396 | F476: 24.856021 | G476: 6.5 | H476: 46.713304 | I476: 41.902203 | J476: 49.389734 | K476: 67
A477: 46117.25 | B477: =TEXT(A477,"yyyy-mm") -> 2026-04 | C477: =HOUR(A477) -> 6 | D477: 22.920253 | E477: 24.320243 | F477: 24.863398 | G477: 5.8 | H477: 46.12335 | I477: 41.944679 | J477: 49.006211 | K477: 69
... A1299: 46151.5 | B1299: =TEXT(A1299,"yyyy-mm") -> 2026-05 | C1299: =HOUR(A1299) -> 12 | D1299: 25.774468 | E1299: 27.428013 | F1299: 24.690413 | G1299: 23.2 | H1299: 38.082383 | I1299: 43.543838 | J1299: 49.613555 | K1299: 29
A1300: 46151.542 | B1300: =TEXT(A1300,"yyyy-mm") -> 2026-05 | C1300: =HOUR(A1300) -> 13 | D1300: 25.377178 | F1300: 24.898377 | G1300: 23.9 | H1300: 30.782372 | J1300: 46.85392 | K1300: 27
A1301: 46151.583 | B1301: =TEXT(A1301,"yyyy-mm") -> 2026-05 | C1301: =HOUR(A1301) -> 14 | D1301: 25.361722 | F1301: 24.983665 | G1301: 24.4 | H1301: 32.107069 | J1301: 46.689889 | K1301: 27
A1302: 46151.625 | B1302: =TEXT(A1302,"yyyy-mm") -> 2026-05 | C1302: =HOUR(A1302) -> 15 | D1302: 25.617105 | F1302: 24.957336 | G1302: 24.8 | H1302: 34.22517 | J1302: 47.18799 | K1302: 24
A1303: 46151.667 | B1303: =TEXT(A1303,"yyyy-mm") -> 2026-05 | C1303: =HOUR(A1303) -> 16 | D1303: 25.739235 | F1303: 24.84726 | G1303: 24.5 | H1303: 29.099351 | J1303: 46.646701 | K1303: 25
A1304: 46151.708 | B1304: =TEXT(A1304,"yyyy-mm") -> 2026-05 | C1304: =HOUR(A1304) -> 17 | D1304: 25.799795 | F1304: 24.81326 | G1304: 24 | H1304: 28.349692 | J1304: 46.655776 | K1304: 27
A1305: 46151.75 | B1305: =TEXT(A1305,"yyyy-mm") -> 2026-05 | C1305: =HOUR(A1305) -> 18 | D1305: 25.542188 | F1305: 24.804278 | G1305: 23.6 | H1305: 31.10465 | J1305: 46.530152 | K1305: 28
A1306: 46151.792 | B1306: =TEXT(A1306,"yyyy-mm") -> 2026-05 | C1306: =HOUR(A1306) -> 19 | D1306: 24.877737 | F1306: 24.808148 | G1306: 22.6 | H1306: 36.404492 | J1306: 46.486096 | K1306: 31
A1307: 46151.833 | B1307: =TEXT(A1307,"yyyy-mm") -> 2026-05 | C1307: =HOUR(A1307) -> 20 | D1307: 23.848353 | F1307: 24.903018 | G1307: 20.2 | H1307: 39.868536 | J1307: 46.83774 | K1307: 48
A1308: 46151.875 | B1308: =TEXT(A1308,"yyyy-mm") -> 2026-05 | C1308: =HOUR(A1308) -> 21 | D1308: 23.605613 | F1308: 25.006315 | G1308: 18.7 | H1308: 40.850371 | J1308: 46.825771 | K1308: 61
A1309: 46151.917 | B1309: =TEXT(A1309,"yyyy-mm") -> 2026-05 | C1309: =HOUR(A1309) -> 22 | D1309: 23.972115 | F1309: 24.988509 | G1309: 17.9 | H1309: 40.11984 | J1309: 46.395582 | K1309: 67
A1310: 46151.958 | B1310: =TEXT(A1310,"yyyy-mm") -> 2026-05 | C1310: =HOUR(A1310) -> 23 | D1310: 23.966598 | F1310: 24.941102 | G1310: 17.3 | H1310: 41.447971 | J1310: 46.171092 | K1310: 68
A1311: 46152 | B1311: =TEXT(A1311,"yyyy-mm") -> 2026-05 | C1311: =HOUR(A1311) -> 0 | D1311: 24.152437 | F1311: 24.902953 | G1311: 16.7 | H1311: 41.362766 | J1311: 46.263635 | K1311: 70
... A1327: 46152.667 | B1327: =TEXT(A1327,"yyyy-mm") -> 2026-05 | C1327: =HOUR(A1327) -> 16 | D1327: 25.161527 | F1327: 25.046351 | G1327: 25.2 | H1327: 31.759015 | J1327: 47.40177 | K1327: 24
A1328: 46152.708 | B1328: =TEXT(A1328,"yyyy-mm") -> 2026-05 | C1328: =HOUR(A1328) -> 17 | D1328: 24.99325 | E1328: 26.29352 | F1328: 25.156167 | G1328: 25 | H1328: 33.013067 | I1328: 35.840751 | J1328: 48.14555 | K1328: 25
A1329: 46152.75 | B1329: =TEXT(A1329,"yyyy-mm") -> 2026-05 | C1329: =HOUR(A1329) -> 18 | D1329: 25.252846 | E1329: 26.640887 | F1329: 25.305508 | G1329: 22 | H1329: 31.860718 | I1329: 35.238402 | J1329: 47.369328 | K1329: 42
A1330: 46152.792 | B1330: =TEXT(A1330,"yyyy-mm") -> 2026-05 | C1330: =HOUR(A1330) -> 19 | D1330: 24.479335 | E1330: 26.931809 | F1330: 25.38864 | G1330: 21.1 | H1330: 32.551973 | I1330: 34.785384 | J1330: 46.814645 | K1330: 50
A1331: 46152.833 | B1331: =TEXT(A1331,"yyyy-mm") -> 2026-05 | C1331: =HOUR(A1331) -> 20 | D1331: 23.733607 | E1331: 26.87488 | F1331: 25.35317 | G1331: 20.2 | H1331: 35.354637 | I1331: 33.783304 | J1331: 47.42378 | K1331: 56
A1332: 46152.875 | B1332: =TEXT(A1332,"yyyy-mm") -> 2026-05 | C1332: =HOUR(A1332) -> 21 | D1332: 23.396059 | E1332: 26.554176 | F1332: 25.308824 | G1332: 18.3 | H1332: 36.814097 | I1332: 34.737372 | J1332: 47.541149 | K1332: 68
A1333: 46152.917 | B1333: =TEXT(A1333,"yyyy-mm") -> 2026-05 | C1333: =HOUR(A1333) -> 22 | D1333: 22.821514 | E1333: 26.529065 | F1333: 25.285606 | G1333: 17.8 | H1333: 39.180949 | I1333: 35.00209 | J1333: 47.701129 | K1333: 71
A1334: 46152.958 | B1334: =TEXT(A1334,"yyyy-mm") -> 2026-05 | C1334: =HOUR(A1334) -> 23 | D1334: 24.13297 | E1334: 26.874999 | F1334: 25.240879 | G1334: 17.4 | H1334: 38.581819 | I1334: 35.937784 | J1334: 47.724211 | K1334: 73
A1335: 46153 | B1335: =TEXT(A1335,"yyyy-mm") -> 2026-05 | C1335: =HOUR(A1335) -> 0 | D1335: 24.300383 | E1335: 27.373265 | F1335: 25.253938 | G1335: 17 | H1335: 40.005958 | I1335: 36.815137 | J1335: 47.598944 | K1335: 76
A1336: 46153.042 | B1336: =TEXT(A1336,"yyyy-mm") -> 2026-05 | C1336: =HOUR(A1336) -> 1 | D1336: 24.497753 | E1336: 26.894898 | F1336: 25.27325 | G1336: 16.5 | H1336: 42.132656 | I1336: 38.84442 | J1336: 47.733036 | K1336: 80
A1337: 46153.083 | B1337: =TEXT(A1337,"yyyy-mm") -> 2026-05 | C1337: =HOUR(A1337) -> 2 | D1337: 24.830965 | E1337: 26.328989 | F1337: 25.260165 | G1337: 16 | H1337: 42.868147 | I1337: 40.311665 | J1337: 47.706419 | K1337: 81
A1338: 46153.125 | B1338: =TEXT(A1338,"yyyy-mm") -> 2026-05 | C1338: =HOUR(A1338) -> 3 | D1338: 24.748194 | E1338: 26.026619 | F1338: 25.233258 | G1338: 15.9 | H1338: 42.82877 | I1338: 40.691572 | J1338: 47.681126 | K1338: 85
A1339: 46153.167 | B1339: =TEXT(A1339,"yyyy-mm") -> 2026-05 | C1339: =HOUR(A1339) -> 4 | D1339: 24.63014 | E1339: 25.797155 | F1339: 25.220211 | G1339: 15.4 | H1339: 42.288756 | I1339: 40.330794 | J1339: 47.656989 | K1339: 84
... A1428: 46156.875 | B1428: =TEXT(A1428,"yyyy-mm") -> 2026-05 | C1428: =HOUR(A1428) -> 21 | D1428: 23.098126 | E1428: 24.057126 | F1428: 25.879457 | G1428: 15.1 | H1428: 38.414703 | I1428: 38.124111 | J1428: 46.46297 | K1428: 67
A1429: 46156.917 | B1429: =TEXT(A1429,"yyyy-mm") -> 2026-05 | C1429: =HOUR(A1429) -> 22 | E1429: 24.072023 | F1429: 25.862853 | G1429: 13.9 | I1429: 39.131256 | J1429: 46.41997 | K1429: 73
A1430: 46156.958 | B1430: =TEXT(A1430,"yyyy-mm") -> 2026-05 | C1430: =HOUR(A1430) -> 23 | E1430: 24.182267 | F1430: 25.863896 | G1430: 12.7 | I1430: 40.4371 | J1430: 46.49136 | K1430: 82
A1431: 46157 | B1431: =TEXT(A1431,"yyyy-mm") -> 2026-05 | C1431: =HOUR(A1431) -> 0 | E1431: 24.191646 | F1431: 25.861256 | G1431: 11.9 | I1431: 40.119489 | J1431: 46.515154 | K1431: 89
A1432: 46157.042 | B1432: =TEXT(A1432,"yyyy-mm") -> 2026-05 | C1432: =HOUR(A1432) -> 1 | E1432: 24.053479 | F1432: 25.840818 | G1432: 11.3 | I1432: 40.17118 | J1432: 46.58099 | K1432: 93
A1433: 46157.083 | B1433: =TEXT(A1433,"yyyy-mm") -> 2026-05 | C1433: =HOUR(A1433) -> 2 | E1433: 23.983356 | F1433: 25.835188 | G1433: 10.7 | I1433: 40.589561 | J1433: 46.48822 | K1433: 94
A1434: 46157.125 | B1434: =TEXT(A1434,"yyyy-mm") -> 2026-05 | C1434: =HOUR(A1434) -> 3 | E1434: 24.187804 | F1434: 25.847383 | G1434: 10.6 | I1434: 41.25058 | J1434: 46.214743 | K1434: 94
A1435: 46157.167 | B1435: =TEXT(A1435,"yyyy-mm") -> 2026-05 | C1435: =HOUR(A1435) -> 4 | E1435: 24.299361 | F1435: 25.862327 | G1435: 10.4 | I1435: 41.780057 | J1435: 46.028494 | K1435: 93
A1436: 46157.208 | B1436: =TEXT(A1436,"yyyy-mm") -> 2026-05 | C1436: =HOUR(A1436) -> 5 | E1436: 24.380696 | F1436: 25.870341 | G1436: 10.3 | I1436: 42.312339 | J1436: 45.892339 | K1436: 92
A1437: 46157.25 | B1437: =TEXT(A1437,"yyyy-mm") -> 2026-05 | C1437: =HOUR(A1437) -> 6 | E1437: 24.443474 | F1437: 25.884585 | G1437: 10.7 | I1437: 42.851682 | J1437: 45.774588 | K1437: 88
A1438: 46157.292 | B1438: =TEXT(A1438,"yyyy-mm") -> 2026-05 | C1438: =HOUR(A1438) -> 7 | E1438: 24.490194 | F1438: 25.885534 | G1438: 11.4 | I1438: 43.283252 | J1438: 45.671981 | K1438: 80
A1439: 46157.333 | B1439: =TEXT(A1439,"yyyy-mm") -> 2026-05 | C1439: =HOUR(A1439) -> 8 | E1439: 24.546118 | F1439: 25.882951 | G1439: 12.1 | I1439: 43.479173 | J1439: 45.586049 | K1439: 75
A1440: 46157.375 | B1440: =TEXT(A1440,"yyyy-mm") -> 2026-05 | C1440: =HOUR(A1440) -> 9 | D1440: 24.321539 | E1440: 24.684346 | F1440: 25.892531 | G1440: 12.9 | H1440: 44.371236 | I1440: 43.576986 | J1440: 45.48677 | K1440: 71
A1441: 46157.417 | B1441: =TEXT(A1441,"yyyy-mm") -> 2026-05 | C1441: =HOUR(A1441) -> 10 | D1441: 24.450719 | E1441: 25.0057 | F1441: 25.90791 | G1441: 13.8 | H1441: 44.736358 | I1441: 44.023254 | J1441: 45.387634 | K1441: 68
A1442: 46157.458 | B1442: =TEXT(A1442,"yyyy-mm") -> 2026-05 | C1442: =HOUR(A1442) -> 11 | D1442: 24.555673 | E1442: 25.578654 | F1442: 25.923556 | G1442: 14.7 | H1442: 45.354937 | I1442: 43.903115 | J1442: 45.290817 | K1442: 66
A1443: 46157.5 | B1443: =TEXT(A1443,"yyyy-mm") -> 2026-05 | C1443: =HOUR(A1443) -> 12 | D1443: 24.632612 | E1443: 25.436335 | F1443: 25.896875 | G1443: 15.4 | H1443: 44.087561 | I1443: 43.127488 | J1443: 46.42817 | K1443: 63
A1444: 46157.542 | B1444: =TEXT(A1444,"yyyy-mm") -> 2026-05 | C1444: =HOUR(A1444) -> 13 | D1444: 23.897203 | E1444: 25.150981 | F1444: 25.365976 | G1444: 16.2 | H1444: 38.555473 | I1444: 37.929018 | J1444: 47.919411 | K1444: 61
A1445: 46157.583 | B1445: =TEXT(A1445,"yyyy-mm") -> 2026-05 | C1445: =HOUR(A1445) -> 14 | D1445: 23.600268 | E1445: 24.881478 | F1445: 25.751062 | G1445: 16.4 | H1445: 38.359357 | I1445: 37.290872 | J1445: 46.6192 | K1445: 62
A1446: 46157.625 | B1446: =TEXT(A1446,"yyyy-mm") -> 2026-05 | C1446: =HOUR(A1446) -> 15 | D1446: 23.327057 | E1446: 24.82548 | F1446: 25.946772 | G1446: 16.9 | H1446: 39.216269 | I1446: 37.573757 | J1446: 46.386157 | K1446: 59
A1447: 46157.667 | B1447: =TEXT(A1447,"yyyy-mm") -> 2026-05 | C1447: =HOUR(A1447) -> 16 | E1447: 24.515655 | F1447: 26.038234 | G1447: 16.5 | I1447: 37.174272 | J1447: 46.243159 | K1447: 61
A1448: 46157.708 | B1448: =TEXT(A1448,"yyyy-mm") -> 2026-05 | C1448: =HOUR(A1448) -> 17 | E1448: 24.661477 | F1448: 26.047821 | G1448: 16.8 | I1448: 37.803593 | J1448: 46.193752 | K1448: 59
A1449: 46157.75 | B1449: =TEXT(A1449,"yyyy-mm") -> 2026-05 | C1449: =HOUR(A1449) -> 18 | E1449: 24.808544 | F1449: 26.092488 | G1449: 16.6 | I1449: 38.072336 | J1449: 46.029417 | K1449: 59
A1450: 46157.792 | B1450: =TEXT(A1450,"yyyy-mm") -> 2026-05 | C1450: =HOUR(A1450) -> 19 | E1450: 24.696847 | F1450: 25.429416 | G1450: 16.2 | I1450: 38.661053 | J1450: 46.613976 | K1450: 59
A1451: 46157.833 | B1451: =TEXT(A1451,"yyyy-mm") -> 2026-05 | C1451: =HOUR(A1451) -> 20 | E1451: 24.777392 | F1451: 24.955007 | G1451: 15.8 | I1451: 38.543145 | J1451: 47.334575 | K1451: 64
A1452: 46157.875 | B1452: =TEXT(A1452,"yyyy-mm") -> 2026-05 | C1452: =HOUR(A1452) -> 21 | D1452: 23.703445 | E1452: 24.624823 | F1452: 24.962674 | G1452: 15.5 | H1452: 42.026777 | I1452: 39.977554 | J1452: 48.500611 | K1452: 66
...

Sheet Blackout_Log
A1: № | B1: Початок (Київ) | C1: Кінець (Київ) | D1: Тривалість год | E1: День тижня | F1: Місяць | G1: Джерело | H1: Примітка | J1: Зведення по відключеннях
A2: 1 | B2: 46099.125 | C2: 46099.375 | D2: 6 | E2: =TEXT(B2,"dddd") -> середа | F2: =TEXT(B2,"yyyy-mm") -> 2026-03 | G2: погодинні | H2: мовчать усі доступні розеткові датчики (1): bedroom_temp; НИЗЬКА ВПЕВНЕНІСТЬ: у той час працював лише один розетковий датчик | J2: Кількість відключень | K2: =COUNTA(A2:A6) -> 5
A3: 2 | B3: 46186.458 | C3: 46186.792 | D3: 8 | E3: =TEXT(B3,"dddd") -> субота | F3: =TEXT(B3,"yyyy-mm") -> 2026-06 | G3: погодинні | H3: мовчать усі доступні розеткові датчики (4): bedroom_temp, printernya_temp, server_cpu_load, nas_sda_temp | J3: Сума годин без світла | K3: =SUM(D2:D6) -> 35
A4: 3 | B4: 46214.5 | C4: 46214.708 | D4: 5 | E4: =TEXT(B4,"dddd") -> субота | F4: =TEXT(B4,"yyyy-mm") -> 2026-07 | G4: погодинні | H4: мовчать усі доступні розеткові датчики (4): bedroom_temp, printernya_temp, server_cpu_load, nas_sda_temp; квітка теж мовчала → сервер був вимкнений | J4: Медіана тривалості, год | K4: =MEDIAN(D2:D6) -> 7
A5: 4 | B5: 46215.458 | C5: 46215.75 | D5: 7 | E5: =TEXT(B5,"dddd") -> неділя | F5: =TEXT(B5,"yyyy-mm") -> 2026-07 | G5: погодинні | H5: мовчать усі доступні розеткові датчики (4): bedroom_temp, printernya_temp, server_cpu_load, nas_sda_temp; квітка теж мовчала → сервер був вимкнений | J5: Максимум, год | K5: =MAX(D2:D6) -> 9
A6: 5 | B6: 46228.458 | C6: 46228.833 | D6: 9 | E6: =TEXT(B6,"dddd") -> субота | F6: =TEXT(B6,"yyyy-mm") -> 2026-07 | G6: погодинні | H6: мовчать усі доступні розеткові датчики (4): bedroom_temp, printernya_temp, server_cpu_load, nas_sda_temp; квітка теж мовчала → сервер був вимкнений | J6: Всього годин у періоді | K6: 4402
J7: Uptime (частка часу зі світлом) | K7: =1-K3/K6 -> 0.99204907

Sheet Dashboard
A1: Dashboard — 4331 година
A4: Середня температура за місяць, °C | G4: Мінімум / максимум за період, °C
A5: Місяць | B5: Кімната | C5: Кухня | D5: Кладова | E5: Надворі | G5: Кімната | H5: Мін | I5: Макс
A6: 2026-03 | B6: =IFERROR(AVERAGEIFS(raw[Кімната °C],raw[Місяць],$A6),"") -> 22.691941 | C6: =IFERROR(AVERAGEIFS(raw[Кухня °C],raw[Місяць],$A6),"") | D6: =IFERROR(AVERAGEIFS(raw[Кладова °C],raw[Місяць],$A6),"") | E6: =IFERROR(AVERAGEIFS(raw[Надворі °C],raw[Місяць],$A6),"") -> 6.9075067 | G6: Кімната | H6: =MIN(raw[Кімната °C]) -> 19.164767 | I6: =MAX(raw[Кімната °C]) -> 30.170578
A7: 2026-04 | B7: =IFERROR(AVERAGEIFS(raw[Кімната °C],raw[Місяць],$A7),"") -> 21.954304 | C7: =IFERROR(AVERAGEIFS(raw[Кухня °C],raw[Місяць],$A7),"") -> 23.454832 | D7: =IFERROR(AVERAGEIFS(raw[Кладова °C],raw[Місяць],$A7),"") -> 23.409543 | E7: =IFERROR(AVERAGEIFS(raw[Надворі °C],raw[Місяць],$A7),"") -> 7.2530556 | G7: Кухня | H7: =MIN(raw[Кухня °C]) -> 21.697224 | I7: =MAX(raw[Кухня °C]) -> 30.361688
A8: 2026-05 | B8: =IFERROR(AVERAGEIFS(raw[Кімната °C],raw[Місяць],$A8),"") -> 24.057717 | C8: =IFERROR(AVERAGEIFS(raw[Кухня °C],raw[Місяць],$A8),"") -> 25.560903 | D8: =IFERROR(AVERAGEIFS(raw[Кладова °C],raw[Місяць],$A8),"") -> 25.578651 | E8: =IFERROR(AVERAGEIFS(raw[Надворі °C],raw[Місяць],$A8),"") -> 16.918145 | G8: Кладова | H8: =MIN(raw[Кладова °C]) -> 22.155182 | I8: =MAX(raw[Кладова °C]) -> 30.173221
A9: 2026-06 | B9: =IFERROR(AVERAGEIFS(raw[Кімната °C],raw[Місяць],$A9),"") -> 25.502107 | C9: =IFERROR(AVERAGEIFS(raw[Кухня °C],raw[Місяць],$A9),"") -> 26.992544 | D9: =IFERROR(AVERAGEIFS(raw[Кладова °C],raw[Місяць],$A9),"") -> 28.464859 | E9: =IFERROR(AVERAGEIFS(raw[Надворі °C],raw[Місяць],$A9),"") -> 20.949028 | G9: Надворі | H9: =MIN(raw[Надворі °C]) -> -1.3 | I9: =MAX(raw[Надворі °C]) -> 36.1
A10: 2026-07 | B10: =IFERROR(AVERAGEIFS(raw[Кімната °C],raw[Місяць],$A10),"") -> 25.630406 | C10: =IFERROR(AVERAGEIFS(raw[Кухня °C],raw[Місяць],$A10),"") -> 27.523685 | D10: =IFERROR(AVERAGEIFS(raw[Кладова °C],raw[Місяць],$A10),"") -> 28.77027 | E10: =IFERROR(AVERAGEIFS(raw[Надворі °C],raw[Місяць],$A10),"") -> 20.749059
A11: 2026-08 | B11: =IFERROR(AVERAGEIFS(raw[Кімната °C],raw[Місяць],$A11),"") -> 25.561817 | C11: =IFERROR(AVERAGEIFS(raw[Кухня °C],raw[Місяць],$A11),"") -> 27.84808 | D11: =IFERROR(AVERAGEIFS(raw[Кладова °C],raw[Місяць],$A11),"") -> 29.319182 | E11: =IFERROR(AVERAGEIFS(raw[Надворі °C],raw[Місяць],$A11),"") -> 23.061962 | G11: Поза комфортом 20–24°C, % часу
A12: 2026-09 | B12: =IFERROR(AVERAGEIFS(raw[Кімната °C],raw[Місяць],$A12),"") -> 24.843835 | C12: =IFERROR(AVERAGEIFS(raw[Кухня °C],raw[Місяць],$A12),"") -> 27.053649 | D12: =IFERROR(AVERAGEIFS(raw[Кладова °C],raw[Місяць],$A12),"") -> 28.585872 | E12: =IFERROR(AVERAGEIFS(raw[Надворі °C],raw[Місяць],$A12),"") -> 18.230532 | G12: Кімната | H12: % поза комфортом
G13: Кімната | H13: =(COUNTIFS(raw[Кімната °C],"<20")+COUNTIFS(raw[Кімната °C],">24"))/COUNT(raw[Кімната °C]) -> 0.58755494
A14: Години без світла за місяць | G14: Кухня | H14: =(COUNTIFS(raw[Кухня °C],"<20")+COUNTIFS(raw[Кухня °C],">24"))/COUNT(raw[Кухня °C]) -> 0.78200821
A15: Місяць | B15: Години без світла | G15: Кладова | H15: =(COUNTIFS(raw[Кладова °C],"<20")+COUNTIFS(raw[Кладова °C],">24"))/COUNT(raw[Кладова °C]) -> 0.82582345
A16: =$A6 -> 2026-03 | B16: =SUMIFS(Blackout_Log!$D$2:$D$6,Blackout_Log!$F$2:$F$6,$A16) -> 6
A17: =$A7 -> 2026-04 | B17: =SUMIFS(Blackout_Log!$D$2:$D$6,Blackout_Log!$F$2:$F$6,$A17) -> 0
A18: =$A8 -> 2026-05 | B18: =SUMIFS(Blackout_Log!$D$2:$D$6,Blackout_Log!$F$2:$F$6,$A18) -> 0
A19: =$A9 -> 2026-06 | B19: =SUMIFS(Blackout_Log!$D$2:$D$6,Blackout_Log!$F$2:$F$6,$A19) -> 8
A20: =$A10 -> 2026-07 | B20: =SUMIFS(Blackout_Log!$D$2:$D$6,Blackout_Log!$F$2:$F$6,$A20) -> 21
A21: =$A11 -> 2026-08 | B21: =SUMIFS(Blackout_Log!$D$2:$D$6,Blackout_Log!$F$2:$F$6,$A21) -> 0
A22: =$A12 -> 2026-09 | B22: =SUMIFS(Blackout_Log!$D$2:$D$6,Blackout_Log!$F$2:$F$6,$A22) -> 0
A110: Місце для зведеної таблиці та зрізу (робиться вручну, див. README)
A112: Позначки рядків | B112: Середнє з Кімната °C | C112: Середнє з Кухня °C | D112: Середнє з Кладова °C
A113: 2026-03 | B113: 22.691941
A114: 2026-04 | B114: 21.954304 | C114: 23.454832 | D114: 23.409543
A115: 2026-05 | B115: 24.057717 | C115: 25.560903 | D115: 25.578651
A116: 2026-06 | B116: 25.502107 | C116: 26.992544 | D116: 28.464859
A117: 2026-07 | B117: 25.630406 | C117: 27.523685 | D117: 28.77027
A118: 2026-08 | B118: 25.561817 | C118: 27.84808 | D118: 29.319182
A119: 2026-09 | B119: 24.843835 | C119: 27.053649 | D119: 28.585872
A120: Загальний підсумок | B120: 24.407426 | C120: 25.86658 | D120: 27.29484

Sheet Comfort
A1: Comfort — теплова карта
A3: Година | B3: Кімната | C3: Кухня | D3: Кладова | E3: Надворі
A4: 0 | B4: 23.973 | C4: 26.001 | D4: 27.306 | E4: 14.909
A5: 1 | B5: 23.699 | C5: 25.797 | D5: 27.318 | E5: 14.294
A6: 2 | B6: 23.417 | C6: 25.498 | D6: 27.331 | E6: 13.744
A7: 3 | B7: 23.23 | C7: 25.231 | D7: 27.324 | E7: 13.153
A8: 4 | B8: 23.054 | C8: 25.016 | D8: 27.313 | E8: 12.663
A9: 5 | B9: 23.086 | C9: 24.896 | D9: 27.296 | E9: 12.29
A10: 6 | B10: 23.597 | C10: 25.004 | D10: 27.286 | E10: 12.441
A11: 7 | B11: 24.254 | C11: 25.311 | D11: 27.29 | E11: 13.419
A12: 8 | B12: 24.849 | C12: 25.684 | D12: 27.311 | E12: 14.958
A13: 9 | B13: 25.211 | C13: 25.976 | D13: 27.331 | E13: 16.829
A14: 10 | B14: 25.281 | C14: 26.214 | D14: 27.351 | E14: 18.258
A15: 11 | B15: 25.238 | C15: 26.361 | D15: 27.339 | E15: 19.436
... A27: 23 | B27: 24.058 | C27: 26.01 | D27: 27.287 | E27: 15.563
A30: Комфортна температура 20–24°C за місяць, % часу
A31: Місяць | B31: Кімната | C31: Кухня | D31: Кладова
A32: 2026-03 | B32: 94.2
A33: 2026-04 | B33: 90.1 | C33: 75.6 | D33: 76.8
A34: 2026-05 | B34: 45.1 | C34: 14 | D34: 23.9
A35: 2026-06 | B35: 20.3 | C35: 1 | D35: 0
A36: 2026-07 | B36: 14.2 | C36: 0 | D36: 0
A37: 2026-08 | B37: 19 | C37: 0 | D37: 0
A38: 2026-09 | B38: 28.8 | C38: 0 | D38: 0
A40: Спарклайни (мінідіаграми в комірках) openpyxl не підтримує — можна додати вручну: виділити рядок → Вставлення → Спарклайн → Лінія.

Sheet Cooling_Calc
A1: Cooling_Calc — калькулятор охолодження квартири
D2: Кімната | E2: k, 1/год
B3: Вхідні дані | D3: Кімната | E3: 0.0034787376
B4: Кімната | C4: Кімната | D4: Кухня | E4: 0.0022148328
B5: T0, °C (у кімнаті зараз) | C5: 22 | D5: Кладова | E5: 0.0030538755
B6: T_вул, °C (надворі) | C6: -10 | D6: k з модуля M4 (метод «нічний спад», night_decay_ols)
B7: поріг, °C | C7: 18
B9: k обраної кімнати | C9: =INDEX($E$3:$E$5,MATCH(C4,$D$3:$D$5,0)) -> 0.0034787376
B10: Годин до порога | C10: =IFERROR(LN((C5-C6)/(C7-C6))/C9,"перевірте вхідні дані") -> 38.385014
B11: ="Якщо надворі "&TEXT(C6,"0")&" °C, кімната охолоне з "&TEXT(C5,"0")&" до "&TEXT(C7,"0")&" °C приблизно за "&TEXT(C10,"0,0")&" год." -> Якщо надворі -10 °C, кімната охолоне з 22 до 18 °C приблизно за 38,4 год.
B13: Примітка: k оцінено на літніх даних, довірчий інтервал широкий — уточнимо взимку.
B16: Довідкова таблиця: T_вул від −20 до +10 (T0=22, поріг=18)
B17: T0 (довідка) | C17: 22 | D17: поріг (довідка) | E17: 18
A19: T_вул, °C | B19: Кімната, год | C19: Кухня, год | D19: Кладова, год
A20: -20 | B20: =IFERROR(LN(($C$17-$A20)/($E$17-$A20))/k_bedroom,"") -> 28.770051 | C20: =IFERROR(LN(($C$17-$A20)/($E$17-$A20))/k_kitchen,"") -> 45.187816 | D20: =IFERROR(LN(($C$17-$A20)/($E$17-$A20))/k_printernya,"") -> 32.772606
A21: -15 | B21: =IFERROR(LN(($C$17-$A21)/($E$17-$A21))/k_bedroom,"") -> 32.888468 | C21: =IFERROR(LN(($C$17-$A21)/($E$17-$A21))/k_kitchen,"") -> 51.656428 | D21: =IFERROR(LN(($C$17-$A21)/($E$17-$A21))/k_printernya,"") -> 37.463986
A22: -10 | B22: =IFERROR(LN(($C$17-$A22)/($E$17-$A22))/k_bedroom,"") -> 38.385014 | C22: =IFERROR(LN(($C$17-$A22)/($E$17-$A22))/k_kitchen,"") -> 60.289604 | D22: =IFERROR(LN(($C$17-$A22)/($E$17-$A22))/k_printernya,"") -> 43.725224
A23: -5 | B23: =IFERROR(LN(($C$17-$A23)/($E$17-$A23))/k_bedroom,"") -> 46.092194 | C23: =IFERROR(LN(($C$17-$A23)/($E$17-$A23))/k_kitchen,"") -> 72.394922 | D23: =IFERROR(LN(($C$17-$A23)/($E$17-$A23))/k_printernya,"") -> 52.504645
A24: 0 | B24: =IFERROR(LN(($C$17-$A24)/($E$17-$A24))/k_bedroom,"") -> 57.684918 | C24: =IFERROR(LN(($C$17-$A24)/($E$17-$A24))/k_kitchen,"") -> 90.603089 | D24: =IFERROR(LN(($C$17-$A24)/($E$17-$A24))/k_printernya,"") -> 65.710175
A25: 5 | B25: =IFERROR(LN(($C$17-$A25)/($E$17-$A25))/k_bedroom,"") -> 77.115326 | C25: =IFERROR(LN(($C$17-$A25)/($E$17-$A25))/k_kitchen,"") -> 121.12155 | D25: =IFERROR(LN(($C$17-$A25)/($E$17-$A25))/k_printernya,"") -> 87.843785
A26: 10 | B26: =IFERROR(LN(($C$17-$A26)/($E$17-$A26))/k_bedroom,"") -> 116.55524 | C26: =IFERROR(LN(($C$17-$A26)/($E$17-$A26))/k_kitchen,"") -> 183.06804 | D26: =IFERROR(LN(($C$17-$A26)/($E$17-$A26))/k_printernya,"") -> 132.77067
